20251216-15:29:06.606|1423|HiH_ListenerManager: Processus de gestion des listeners terminé avec succès
20251216-16:45:01.123|856|Step_StandStepCounter: Compteur de pas mis à jour pour 856 utilisateurs
20251216-17:12:07.789|2047|HiH_HiBroadcastUtil: Diffusion de données HiHealth effectuée
20251216-18:33:04.456|312|Step_SPUtils: Utilitaires SP traités sans erreur
20251216-19:08:09.901|987|Step_NotificationUtil= Notifications envoyées à 987 destinataires
20251216-20:22:02.234|543|Step_LSC: Contrôle LSC validé
20251216-21:47:06.678|1678|HiH_HiHealthDataInsertStore: Données santé insérées en base
20251216-22:15:00.012|2345|HiH_DataStatManager: Statistiques journalières calculées
20251216-23:59:03.345|890|HiH_HiSyncUtil: Synchronisation HiHealth terminée
20251207-00:14:05.567|1234|Step_StandReportReceiver: Rapports de pas reçus et traités
20251217-01:28:08.890|456|Step_ScreenUtil: Gestion écran utilisateur effectuée
20251217-02:43:01.123|1789|Step_StandStepDataManager: Données pas stockées avec succès
20251217-03:56:04.456|234|Step_ExtSDM: Données externes synchronisées
20251217-05:12:07.789|1567|HiH_HiHealthBinder: Liaison santé utilisateur établie
20251217-06:34:00.012|2890|Step_DataCache: Cache de données rafraîchi
20251217-07:48:03.345|765|Step_HGNH: Traitement HGNH terminé
20251217-09:02:06.678|1345|Step_FlushableStepDataCache: Cache flushable vidé
20251217-10:17:09.901|2100|HiH_HiAppUtil: Utilitaires application exécutés
20251217-11:29:02.234|987|HiH_HiSyncControl: Contrôle synchronisation validé
20251217-12:41:05.567|1543|HiH_ListenerManager: Listeners réinitialisés
20251217-13:55:08.890|2034|Step_StandStepCounter: Pas quotidiens agrégés
20251217-15:08:01.123|1678|HiH_HiBroadcastUtil: Broadcast multicast envoyé
20251217-16:22:04.456|890|Step_SPUtils: SP batch processing terminé
20251217-17:36:07.789|2345|Step_NotificationUtil: Push notifications distribuées
20251217-18:49:00.012|1234|Step_LSC: LSC validation réussie
20251217-20:03:03.345|1789|HiH_HiHealthDataInsertStore: Insert bulk santé effectué
20251217-21:17:06.678|1567|HiH_DataStatManager: Stats mensuelles mises à jour
20251217-22:31:09.901|2100|HiH_HiSyncUtil: Sync bidirectionnelle OK
20251217-23:45:02.234|987|Step_StandReportReceiver: Rapports consolidés
20251218-00:59:05.567|1345|Step_ScreenUtil: Écrans dynamiques chargés
20251218-02:13:08.890|2034|Step_StandStepDataManager: Données pas archivées
20251218-03:27:01.123|1678|Step_ExtSDM: SDM externe importé
20251218-04:41:04.456|890|HiH_HiHealthBinder: Binders santé validés
20251218-05:55:07.789|2345|Step_DataCache: Cache invalidé et rechargé
20251218-07:09:00.012|1234|Step_HGNH: HGNH pipeline exécuté
20251218-08:23:03.345|1789|Step_FlushableStepDataCache: Flush cache partiel
20251218-09:37:06.678|1567|HiH_HiAppUtil: App utils batch OK
20251218-10:51:09.901|2100|HiH_HiSyncControl: Sync contrôle renforcé
20251218-12:05:02.234|987|HiH_ListenerManager: Listeners dynamiques
20251218-13:19:05.567|1345|Step_StandStepCounter: Compteur incrémenté
20251218-14:33:08.890|2034|HiH_HiBroadcastUtil: Broadcast prioritaire
20251218-15:47:01.123|1678|Step_SPUtils: SP optimisations
20251218-17:01:04.456|890|Step_NotificationUtil: Notifications critiques
20251218-18:15:07.789|2345|Step_LSC: LSC full scan
20251218-19:29:00.012|1234|HiH_HiHealthDataInsertStore: Insert transactionnel
20251218-20:43:03.345|1789|HiH_DataStatManager: Stats realtime calculées
20251218-21:57:06.678|1567|HiH_HiSyncUtil: Sync delta appliqué
20251218-23:11:09.901|2100|Step_StandReportReceiver: Rapports urgents traités
20251219-00:25:02.234|987|Step_ScreenUtil: UI refresh effectué
20251219-01:39:05.567|1345|Step_StandStepDataManager: Données pas consolidées
20251219-02:53:08.890|2034|Step_ExtSDM: External data merged
20251219-04:07:01.123|1678|HiH_HiHealthBinder: Health binding refresh
20251219-05:21:04.456|890|Step_DataCache: Cache warm-up terminé
20251219-06:35:07.789|2345|Step_HGNH: HGNH validation
20251219-07:49:00.012|1234|Step_FlushableStepDataCache: Cache full flush
20251219-09:03:03.345|1789|HiH_HiAppUtil: App maintenance OK
20251219-10:17:06.678|1567|HiH_HiSyncControl: Sync monitor alert
20251219-11:31:09.901|2100|HiH_ListenerManager: Listeners heartbeat
20251219-12:45:02.234|987|Step_StandStepCounter: Daily step reset
20251219-13:59:05.567|1345|HiH_HiBroadcastUtil: Emergency broadcast
20251219-15:13:08.890|2034|Step_SPUtils: SP cleanup executed
20251219-16:27:01.123|1678|Step_NotificationUtil: Batch notifications
20251219-17:41:04.456|890|Step_LSC: LSC incremental
20251219-18:55:07.789|2345|HiH_HiHealthDataInsertStore: Health data bulk load
20251219-20:09:00.012|1234|HiH_DataStatManager: Monthly stats closed
20251219-21:23:03.345|1789|HiH_HiSyncUtil: Full sync completed
20251219-22:37:06.678|1567|Step_StandReportReceiver: Report aggregation
20251219-23:51:09.901|2100|Step_ScreenUtil: Screen metrics logged
20251220-01:05:02.234|987|Step_StandStepDataManager: Step data backup
20251220-02:19:05.567|1345|Step_ExtSDM: External sync retry
20251220-03:33:08.890|2034|HiH_HiHealthBinder: Binder validation pass
20251220-04:47:01.123|1678|Step_DataCache: Cache eviction policy
20251220-06:01:04.456|890|Step_HGNH: HGNH data pipeline
20251220-07:15:07.789|2345|Step_FlushableStepDataCache: Selective cache clear
20251220-08:29:00.012|1234|HiH_HiAppUtil: App config updated
20251220-09:43:03.345|1789|HiH_HiSyncControl: Sync health check
20251220-10:57:06.678|1567|HiH_ListenerManager: Listener pool resize
20251220-12:11:09.901|2100|Step_StandStepCounter: Step threshold alert
20251220-13:25:02.234|987|HiH_HiBroadcastUtil: Targeted broadcast
20251220-14:39:05.567|1345|Step_SPUtils: SP performance tune
20251220-15:53:08.890|2034|Step_NotificationUtil: Notification queue drain
20251220-17:07:01.123|1678|Step_LSC: LSC full validation
20251220-18:21:04.456|890|HiH_HiHealthDataInsertStore: Insert with dedup
20251220-19:35:07.789|2345|HiH_DataStatManager: Realtime dashboard update
20251220-20:49:00.012|1234|HiH_HiSyncUtil: Delta sync optimized
20251220-22:03:03.345|1789|Step_StandReportReceiver: Report delivery confirmed
20251220-23:17:06.678|1567|Step_ScreenUtil: Screen session ended
20251221-00:31:09.901|2100|Step_StandStepDataManager: Data integrity check
20251221-01:45:02.234|987|Step_ExtSDM: External data validation
20251221-02:59:05.567|1345|HiH_HiHealthBinder: Health profile sync
20251121-04:13:08.890|2034|Step_DataCache: Cache hit ratio logged
20251221-05:27:01.123|1678|Step_HGNH: HGNH batch process
20251221-06:41:04.456|890|Step_FlushableStepDataCache: Cache memory freed
20251221-07:55:07.789|2345|HiH_HiAppUtil: App version check
20251221-09:09:00.012|1234|HiH_HiSyncControl: Sync conflict resolved
20251221-10:23:03.345|1789|HiH_ListenerManager: Listener metrics
20251221-11:37:06.678|1567|Step_StandStepCounter Step goal achievement
20251221-12:51:09.901|2100|HiH_HiBroadcastUtil: Global broadcast sent
20251221-14:05:02.234|987|Step_SPUtils: SP error recovery
20251221-15:19:05.567|1345|Step_NotificationUtil: Critical alerts sent
20251221-16:33:08.890|2034|Step_LSC: LSC compliance check
20251221-17:47:01.123|1678|HiH_HiHealthDataInsertStore: Data insert with retry
20251221-19:01:04.456|890|HiH_DataStatManager: Weekly stats computed
20251221-20:15:07.789|2345|HiH_HiSyncUtil: Sync performance optimized
20251221-21:29:00.012|1234|Step_StandReportReceiver: Report archive completed
20251221-22:43:03.345|1789|Step_ScreenUtil: UI analytics logged
20251221-23:57:06.678|1567|Step_StandStepDataManager: Step data compression
20251222-01:11:09.901|2100|Step_ExtSDM: External data quarantine
20251222-02:25:02.234|987|HiH_HiHealthBinder: Binder health check
20251222-03:39:05.567|1345|Step_DataCache: Cache warm start
20251222-04:53:08.890|2034|Step_HGNH: HGNH error recovery
20251222-06:07:01.123|1678|Step_FlushableStepDataCache: Cache policy update
20251222-07:21:04.456|890|HiH_HiAppUtil: App restart graceful
20251222-08:35:07.789|2345|HiH_HiSyncControl: Sync SLA monitoring
20251222-09:49:00.012|1234|HiH_ListenerManager: Listener failover test
20251222-11:03:03.345|1789|Step_StandStepCounter: Step anomaly detection
20251222-12:17:06.678|1567|HiH_HiBroadcastUtil: Broadcast A/B test
20251222-13:31:09.901|2100|Step_SPUtils: SP schema evolution
20251222-14:45:02.234|987|Step_NotificationUtil: Notification template update
20251222-15:59:05.567|1345|Step_LSC: LSC audit trail
20251222-17:13:08.890|2034|HiH_HiHealthDataInsertStore: Insert batch optimized
20251222-18:27:01.123|1678|HiH_DataStatManager: Stats anomaly alert
20251222-19:41:04.456|890|HiH_HiSyncUtil: Sync retry logic
20251222-20:55:07.789|2345|Step_StandReportReceiver: Report delivery SLA
20251222-22:09:00.012|1234|Step_ScreenUtil: Screen timeout config
20251222-23:23:03.345|1789|Step_StandStepDataManager: Data retention policy
20251223-00:37:06.678|1567|Step_ExtSDM: External data mapping
20251223-01:51:09.901|2100|HiH_HiHealthBinder: Health data migration
20251223-03:05:02.234|987|Step_DataCache: Cache consistency check
20251223-04:19:05.567|1345|Step_HGNH: HGNH data validation
20251223-05:33:08.890|2034|Step_FlushableStepDataCache: Cache garbage collection
20251223-06:47:01.123|1678|HiH_HiAppUtil: App config validation
20251223-08:01:04.456|890|HiH_HiSyncControl: Sync circuit breaker
20251223-09:15:07.789|2345|HiH_ListenerManager: Listener capacity scaling
20251223-10:29:00.012|1234|Step_StandStepCounter: Step prediction model
20251223-11:43:03.345|1789|HiH_HiBroadcastUtil: Broadcast personalization
20251223-12:57:06.678|1567|Step_SPUtils: SP indexing optimized
20251223-14:11:09.901|2100|Step_NotificationUtil: Notification analytics
20251223-15:25:02.234|987|Step_LSC: LSC policy enforcement
20251223-16:39:05.567|1345|HiH_HiHealthDataInsertStore: Insert idempotency check
20251223-17:53:08.890|2034|HiH_DataStatManager: Stats data quality
20251223-19:07:01.123|1678|HiH_HiSyncUtil: Sync data lineage
20251223-20:21:04.456|890|Step_StandReportReceiver: Report format validation
20251223-21:35:07.789|2345|Step_ScreenUtil: Screen accessibility audit
20251223-22:49:00.012|1234|Step_StandStepDataManager: Step data encryption
20251223-23:03:03.345|1789|Step_ExtSDM: External data schema sync
20251224-01:17:06.678|1567|HiH_HiHealthBinder: Binder performance tuning
20251224-02:31:09.901|2100|Step_DataCache: Cache monitoring dashboard
20251224-03:45:02.234|987|Step_HGNH: HGNH SLA compliance
20251224-04:59:05.567|1345|Step_FlushableStepDataCache: Cache eviction metrics
20251224-06:13:08.890|2034|HiH_HiAppUtil: App health monitoring
20251224-07:27:01.123|1678|HiH_HiSyncControl: Sync failover test
20251224-08:41:04.456|890|HiH_ListenerManager: Listener latency alert
20251224-09:55:07.789|2345|Step_StandStepCounter: Step trend analysis
20251224-11:09:00.012|1234|HiH_HiBroadcastUtil: Broadcast delivery stats
20251224-12:23:03.345|1789|Step_SPUtils: SP query optimization
20251224-13:37:06.678|1567|Step_NotificationUtil: Notification bounce handling
20251224-14:51:09.901|2100|Step_LSC: LSC compliance report
20251224-16:05:02.234|987|HiH_HiHealthDataInsertStore: Insert throughput monitoring
20251224-17:19:05.567|1345|HiH_DataStatManager: Stats retention policy
20251224-18:33:08.890|2034|HiH_HiSyncUtil: Sync data reconciliation
20251224-19:47:01.123|1678|Step_StandReportReceiver: Report audit trail
20251224-21:01:04.456|890|Step_ScreenUtil: Screen usage analytics
20251216-14:22:03.345|567|UserAuthService: Authentification utilisateur validée
20251217-10:15:07.789|234|PaymentProcessor: Paiement traité avec succès
20251218-09:47:01.123|890|EmailSender: Campagne email envoyée
20251219-16:33:04.456|1456|BackupManager: Sauvegarde quotidienne terminée
20251220-11:28:09.901|2034|ApiGateway: Requêtes API routées
20251211-05:42:06.678|789|CacheWarmer: Cache préchauffé
20251222-19:07:00.012|1678|ReportGenerator: Rapport PDF généré
20251223-13:55:02.234|1123|DataValidator: Validation données OK
20251224-08:19:05.567|456|SessionCleaner: Sessions expirées nettoyées
20251224-20:41:08.890|2987|MetricsCollector: Métriques système collectées
